Year,Actor1Name,Actor2Name,ActionGeo_CountryCode
2016,COAST GUARD,CHINESE,CH
2025,CHINESE,COAST GUARD,US
2015,CHINESE,COAST GUARD,VM
2016,COAST GUARD,CHINESE,CH
2023,COAST GUARD,CHINA,RP
2023,COAST GUARD,CHINA,RP
2023,COAST GUARD,CHINA,RP
2023,COAST GUARD,CHINA,RP
2016,CHINA,COAST GUARD,BX
2015,COAST GUARD,CHINA,CH
2025,COAST GUARD,CHINA,RP
2025,COAST GUARD,CHINA,RP
2025,CHINESE,COAST GUARD,CH
2025,CHINESE,COAST GUARD,RP
2025,CHINESE,COAST GUARD,RP
2025,CHINESE,COAST GUARD,CH
2025,CHINESE,COAST GUARD,RP
2025,CHINESE,COAST GUARD,RP
2019,CHINESE,COAST GUARD,CH
2025,CHINESE,COAST GUARD,TU
2025,CHINESE,COAST GUARD,TU
2015,COAST GUARD,CHINA,CH
2016,COAST GUARD,CHINA,RP
2019,COAST GUARD,CHINESE,CH
2025,COAST GUARD,BEIJING,CH
2025,COAST GUARD,BEIJING,RP
2025,BEIJING,COAST GUARD,CH
2025,BEIJING,COAST GUARD,RP
2025,BEIJING,COAST GUARD,RP
2025,COAST GUARD,BEIJING,RP
2024,CHINA,COAST GUARD PATROLS,TW
2024,CHINA,COAST GUARD PATROLS,CH
2016,COAST GUARD,CHINA,CH
2015,CHINA,COAST GUARD,CH
2016,CHINA,COAST GUARD,US
2016,COAST GUARD,CHINA,CH
2015,COAST GUARD,CHINESE,KS
2016,COAST GUARD,CHINESE,CH
2016,COAST GUARD,CHINESE,CH
2016,COAST GUARD,CHINESE,CH
2025,COAST GUARD,CHINESE,CH
2025,COAST GUARD,CHINESE,CH
2025,COAST GUARD,CHINESE,CH
2024,CHINA,COAST GUARD,RP
2022,CHINESE,COAST GUARD,CH
2022,COAST GUARD,CHINESE,CH
2016,COAST GUARD,CHINESE,KS
2023,COAST GUARD,CHINESE,CH
2015,CHINA,COAST GUARD,CH
2019,COAST GUARD,CHINA,CH
2019,COAST GUARD,CHINA,CH
2015,COAST GUARD,CHINESE,KS
2016,COAST GUARD,CHINESE,CH
2016,COAST GUARD,CHINA,CH
2015,CHINA,COAST GUARD,CH
2025,CHINESE,COAST GUARD,CH
2025,CHINESE,COAST GUARD,CH
2025,CHINESE,COAST GUARD,US
2025,CHINESE,COAST GUARD,US
2018,COAST GUARD,CHINESE,CH
2024,CHINESE,COAST GUARD,CH
2024,COAST GUARD,CHINESE,CH
2016,CHINA,COAST GUARD,CH
2015,COAST GUARD,CHINESE,TW
2016,COAST GUARD,CHINA,CH
2016,COAST GUARD,CHINESE,CH
2018,COAST GUARD,CHINESE,CH
2016,CHINESE,COAST GUARD,CH
2020,COAST GUARD,CHINESE,CH
2020,CHINA,COAST GUARD,CH
2020,CHINA,COAST GUARD,UK
2015,CHINA,COAST GUARD,CH
2018,CHINA,COAST GUARD,CH
2015,CHINA,COAST GUARD,CH
2016,COAST GUARD,CHINESE,KS
2016,COAST GUARD,CHINA,MY
2016,COAST GUARD,CHINESE,KS
2023,COAST GUARD,CHINA,US
2023,CHINA,COAST GUARD,CH
2016,COAST GUARD,CHINESE,CH
2025,CHINESE,COAST GUARD,CH
2025,CHINESE,COAST GUARD,US
2015,CHINESE,COAST GUARD,CH
2022,CHINA,COAST GUARD,CH
2023,COAST GUARD,CHINA,US
2023,COAST GUARD,CHINA,RP
2016,COAST GUARD,CHINA,CH
2023,COAST GUARD,CHINA,CH
2023,COAST GUARD,CHINA,CH
2023,COAST GUARD,CHINA,RP
2023,COAST GUARD,CHINA,RP
2023,COAST GUARD,CHINA,RP
2023,COAST GUARD,CHINA,RP
2023,COAST GUARD,CHINA,RP
2023,COAST GUARD,CHINA,RP
2023,COAST GUARD,CHINA,RP
2023,CHINA,COAST GUARD,CH
2016,COAST GUARD,CHINA,CH
2024,CHINESE,COAST GUARD,RP
2024,COAST GUARD,CHINESE,RP
2024,CHINESE,COAST GUARD,CH
2024,COAST GUARD,CHINESE,CH
2019,COAST GUARD,CHINESE,CH
2023,CHINESE,COAST GUARD,RP
2023,COAST GUARD,CHINESE,CH
2023,COAST GUARD,CHINESE,RP
2023,CHINESE,COAST GUARD,CH
2025,CHINA,COAST GUARD,CH
2025,CHINESE,COAST GUARD,RP
2025,COAST GUARD,CHINESE,RP
2025,CHINESE,COAST GUARD,CH
2016,COAST GUARD,CHINA,KS
2016,CHINESE,COAST GUARD,KS
2015,CHINESE,COAST GUARD,CH
2023,COAST GUARD,CHINA,RP
2023,COAST GUARD,CHINA,CH
2023,COAST GUARD,CHINA,RP
2023,COAST GUARD,CHINA,RP
2016,COAST GUARD,CHINESE,CH
2016,CHINESE,COAST GUARD,CH
2023,BEIJING,COAST GUARD,CH
2023,COAST GUARD,BEIJING,CH
2024,CHINA,COAST GUARD,TW
2018,COAST GUARD,CHINESE,CH
2021,COAST GUARD,CHINESE,CH
2021,BEIJING,COAST GUARD,CH
2024,COAST GUARD,CHINA,US
2024,COAST GUARD,CHINA,CH
2024,CHINA,COAST GUARD,RP
2024,COAST GUARD,CHINA,RP
2024,CHINA,COAST GUARD,RP
2024,COAST GUARD,CHINA,RP
2024,CHINA,COAST GUARD,CH
2024,CHINA,COAST GUARD,US
2024,COAST GUARD,CHINA,US
2024,COAST GUARD,CHINA,US
2024,COAST GUARD,CHINA,CH
2024,COAST GUARD,CHINA,US
2024,CHINA,COAST GUARD,US
2024,CHINA,COAST GUARD,US
2024,CHINA,COAST GUARD,US
2024,COAST GUARD,CHINA,US
2024,CHINESE,COAST GUARD,CH
2024,CHINESE,COAST GUARD,RP
2024,COAST GUARD,CHINESE,CH
2024,COAST GUARD,CHINESE,RP
2016,COAST GUARD,CHINESE,AR
2020,COAST GUARD,CHINESE,CH
2019,COAST GUARD,CHINA,RS
2023,COAST GUARD,CHINESE,CH
2023,COAST GUARD,CHINA,CH
2016,CHINA,COAST GUARD,CH
2016,CHINESE,COAST GUARD,KS
2023,COAST GUARD,CHINA,CH
2023,COAST GUARD,CHINA,CH
2023,COAST GUARD,CHINESE,KS
2023,COAST GUARD,CHINESE,RP
2023,COAST GUARD,CHINESE,CH
2016,CHINA,COAST GUARD,TW
2016,COAST GUARD,CHINA,CH
2024,CHINESE,COAST GUARD,CH
2017,CHINA,COAST GUARD,KS
2018,COAST GUARD,CHINESE,CH
2017,CHINESE,COAST GUARD,CH
2016,COAST GUARD,CHINESE,CH
2015,COAST GUARD,CHINA,CH
2016,COAST GUARD,CHINA,CH
2016,COAST GUARD,CHINA,CH
2016,COAST GUARD,CHINESE,CH
2024,COAST GUARD,CHINA,CH
2018,COAST GUARD,CHINESE,CH
2024,CHINESE,COAST GUARD,CH
2024,COAST GUARD,CHINESE,CH
2023,COAST GUARD,CHINA,CH
2018,COAST GUARD,CHINESE,CH
2016,COAST GUARD,CHINESE,CH
2024,CHINESE,COAST GUARD,RP
2024,COAST GUARD,CHINESE,RP
2024,CHINA,COAST GUARD,RP
2024,COAST GUARD,CHINA,RP
2019,CHINESE,COAST GUARD,TW
2019,COAST GUARD,CHINA,RP
2023,COAST GUARD,CHINA,BX
2023,COAST GUARD,CHINA,RP
2024,COAST GUARD,CHINESE,JA
2024,CHINESE,COAST GUARD,JA
2025,COAST GUARD,CHINA,CH
2015,COAST GUARD,CHINESE,CH
2016,COAST GUARD,CHINESE,CH
2016,COAST GUARD,CHINESE,CH
2017,COAST GUARD,CHINA,CH
2024,CHINA,COAST GUARD,CH
2020,COAST GUARD,CHINESE,CH
2016,CHINA,COAST GUARD,BX
2024,CHINA,COAST GUARD,RP
2024,CHINESE,COAST GUARD,RP
2024,COAST GUARD,CHINESE,RP
2024,CHINESE,COAST GUARD,CH
2024,COAST GUARD,CHINA,RP
2024,COAST GUARD,CHINESE,CH
2024,CHINESE,COAST GUARD,SP
2024,COAST GUARD,CHINESE,SP
2019,CHINA,COAST GUARD,JA
2020,COAST GUARD,CHINESE,CH
2020,COAST GUARD,CHINA,CH
2021,COAST GUARD,CHINESE,US
2020,COAST GUARD,CHINA,CH
2016,COAST GUARD,CHINA,CH
2019,COAST GUARD,CHINESE,TW
2017,CHINESE,COAST GUARD,CH
2026,COAST GUARD,CHINESE,CH
2026,COAST GUARD,CHINESE,CH
2021,CHINA,COAST GUARD,CH
2021,CHINA,COAST GUARD,RP
2019,COAST GUARD,CHINA,RP
2025,COAST GUARD,CHINA,CH
2025,COAST GUARD,CHINA,TW
2025,COAST GUARD,CHINA,TW
2019,COAST GUARD,CHINA,AR
2024,COAST GUARD,CHINESE,CH
2024,CHINESE,COAST GUARD,TW
2024,CHINA,COAST GUARD,BX
2024,COAST GUARD,CHINA,RP
2024,CHINA,COAST GUARD,RP
2024,CHINA,COAST GUARD,RP
2024,COAST GUARD,CHINA,RP
2024,COAST GUARD,CHINA,BX
2023,CHINA,COAST GUARD,RP
2017,COAST GUARD,CHINESE,CH
2018,COAST GUARD,CHINESE,CH
2024,CHINESE,COAST GUARD,TW
2024,CHINA,COAST GUARD,RP
2024,COAST GUARD,CHINA,RP
2024,CHINA,COAST GUARD,RP
2024,COAST GUARD,CHINA,RP
2024,CHINESE,COAST GUARD,CH
2024,CHINESE,COAST GUARD,CH
2016,CHINESE,COAST GUARD,CH
2019,COAST GUARD,CHINA,RP
2016,COAST GUARD,CHINA,MY
2016,CHINA,COAST GUARD,CH
2016,COAST GUARD,CHINESE,KS
2024,COAST GUARD,CHINA,CH
2016,COAST GUARD,CHINA,CH
2016,CHINA,COAST GUARD,CH
2021,COAST GUARD,CHINESE,CH
2024,CHINESE,COAST GUARD,CH
2024,CHINESE,COAST GUARD,TW
2024,COAST GUARD,CHINESE,TW
2020,COAST GUARD,CHINESE,CH
2024,CHINESE,COAST GUARD,CH
2024,COAST GUARD,CHINESE,CH
2024,CHINESE,COAST GUARD,RP
2024,COAST GUARD,CHINESE,RP
2024,COAST GUARD,CHINESE,RP
2024,CHINESE,COAST GUARD,RP
2023,CHINA,COAST GUARD,CH
2023,COAST GUARD,CHINA,CH
2024,CHINESE,COAST GUARD,CH
2024,COAST GUARD,CHINESE,CH
2024,CHINESE,COAST GUARD,RP
2024,COAST GUARD,CHINESE,RP
2024,CHINESE,COAST GUARD,CH
2024,CHINESE,COAST GUARD,RP
2024,COAST GUARD,CHINESE,CH
2024,COAST GUARD,CHINESE,RP
2023,CHINA,COAST GUARD,CH
2018,COAST GUARD,CHINESE,CH
2016,COAST GUARD,CHINESE,CH
2016,COAST GUARD,CHINA,CH
2016,COAST GUARD,CHINA,CH
2016,CHINESE,COAST GUARD,CH
2017,COAST GUARD,CHINA,CH
2025,COAST GUARD,CHINESE,CH
2025,COAST GUARD,CHINESE,CH
2025,COAST GUARD,CHINA,CH
2025,COAST GUARD,CHINESE,CH
2025,COAST GUARD,CHINESE,CH
2025,COAST GUARD,CHINA,CH
2025,COAST GUARD,CHINA,US
2016,CHINA,COAST GUARD,KS
2016,COAST GUARD,CHINA,JA
2015,DALIAN,COAST GUARD,CH
2019,COAST GUARD,CHINA,CH
2017,COAST GUARD,CHINA,KS
2018,CHINA,COAST GUARD,IN
2015,CHINA,COAST GUARD,CH
2016,CHINESE,COAST GUARD,CH
2016,COAST GUARD,CHINESE,KS
2016,CHINA,COAST GUARD,CH
2015,COAST GUARD,CHINESE,KS
2024,CHINESE,COAST GUARD,RP
2024,COAST GUARD,CHINESE,RP
2024,CHINESE,COAST GUARD,CH
2024,CHINESE,COAST GUARD,RP
2024,COAST GUARD,CHINESE,CH
2015,COAST GUARD,CHINA,RP
2020,COAST GUARD,GUANGDONG,CH
2021,CHINA,COAST GUARD,JA
2016,CHINA,COAST GUARD,CH
2024,CHINESE,COAST GUARD,TW
2024,CHINESE,COAST GUARD,TW
2024,CHINESE,COAST GUARD,TW
2023,CHINA,COAST GUARD,CH
2023,CHINA,COAST GUARD,RP
2016,COAST GUARD,CHINESE,CH
2017,CHINESE,COAST GUARD,CH
2024,BEIJING,COAST GUARD,CH
2024,BEIJING,COAST GUARD,CH
2024,CHINESE,COAST GUARD,CH
2021,BEIJING,COAST GUARD,CH
2016,COAST GUARD,CHINA,BX
2020,GUANGDONG,COAST GUARD,HK
2020,GUANGDONG,COAST GUARD,CH
2016,CHINESE,COAST GUARD,KS
2021,CHINA,COAST GUARD,CH
2021,COAST GUARD,CHINESE,CH
2024,CHINESE,COAST GUARD,CH
2024,COAST GUARD,CHINESE,CH
2024,CHINESE,COAST GUARD,RP
2024,COAST GUARD,CHINESE,RP
2024,COAST GUARD,CHINESE,CH
2024,CHINESE,COAST GUARD,CH
2016,COAST GUARD,CHINA,VM
2016,COAST GUARD,CHINESE,CH
2020,CHINA,COAST GUARD,CH
2020,GUANGDONG,COAST GUARD,CH
2023,COAST GUARD,CHINESE,CH
2017,COAST GUARD,CHINA,VM
2024,CHINESE,COAST GUARD,CH
2024,CHINESE,COAST GUARD,CH
2024,CHINESE,COAST GUARD,RP
2016,COAST GUARD,CHINA,KS
2015,COAST GUARD,CHINA,CH
2024,CHINA,COAST GUARD,CH
2024,CHINESE,COAST GUARD,CH
2024,COAST GUARD,CHINESE,CH
2024,CHINA,COAST GUARD,CH
2024,COAST GUARD,CHINESE,RS
2024,COAST GUARD,CHINESE,US
2016,COAST GUARD,CHINESE,VM
2015,COAST GUARD,CHINESE,RP
2017,COAST GUARD,CHINA,CH
2025,COAST GUARD,CHINESE,CH
2016,COAST GUARD,CHINA,FJ
2017,COAST GUARD,CHINESE,CH
2021,COAST GUARD,CHINESE,CH
2019,COAST GUARD,CHINESE,CH
2024,CHINA,COAST GUARD,CH
2024,COAST GUARD,CHINA,CH
2024,CHINA,COAST GUARD,RP
2024,COAST GUARD,CHINA,RP
2016,COAST GUARD,CHINESE,CH
2016,COAST GUARD,CHINESE,KS
2019,COAST GUARD,CHINA,IN
2024,CHINESE,COAST GUARD,RP
2024,COAST GUARD,CHINESE,RP
2024,BEIJING,COAST GUARD,BX
2024,BEIJING,COAST GUARD,BX
2015,COAST GUARD,CHINESE,CH
2016,CHINA,COAST GUARD,RP
2016,COAST GUARD,CHINESE,CH
2020,GUANGDONG,COAST GUARD,CH
2024,CHINESE,COAST GUARD,CH
2024,COAST GUARD,CHINESE,CH
2024,CHINESE,COAST GUARD,CH
2017,COAST GUARD,CHINESE,CH
2024,COAST GUARD,CHINA,CH
2024,COAST GUARD,CHINA,CH
2016,CHINA,COAST GUARD,RP
2016,CHINA,COAST GUARD,CH
2016,CHINESE,COAST GUARD,CH
2024,BEIJING,COAST GUARD,BX
2024,COAST GUARD,BEIJING,BX
2024,CHINA,COAST GUARD,CH
2021,COAST GUARD,CHINESE,CH
2020,CHINESE,COAST GUARD,US
2024,CHINA,COAST GUARD,RP
2024,CHINESE,COAST GUARD,RP
2024,COAST GUARD,CHINESE,RP
2024,COAST GUARD,CHINESE,CH
2024,CHINESE,COAST GUARD,CH
2016,CHINESE,COAST GUARD,CH
2016,COAST GUARD,CHINESE,CH
2017,COAST GUARD,CHINESE,CH
2018,COAST GUARD,CHINESE,CH
2017,CHINA,COAST GUARD,CH
2017,COAST GUARD,CHINESE,TW
2024,COAST GUARD,CHINA,CH
2024,COAST GUARD,CHINA,CH
2024,CHINA,COAST GUARD,CH
2024,CHINA,COAST GUARD,CH
2017,CHINA,COAST GUARD,CH
2024,CHINESE,COAST GUARD,CH
2024,CHINESE,COAST GUARD,CH
2024,CHINESE,COAST GUARD,MY
2016,COAST GUARD,CHINESE,AR
2021,COAST GUARD,CHINA,TW
2021,CHINA,COAST GUARD,CH
2021,COAST GUARD,CHINA,CH
2016,COAST GUARD,CHINA,CH
2016,CHINA,COAST GUARD,CH
2016,CHINA,COAST GUARD,CH
2019,CHINA,COAST GUARD,CH
2016,COAST GUARD,CHINESE,CH
2021,BEIJING,COAST GUARD,CH
2021,COAST GUARD,CHINA,RP
2024,CHINESE,COAST GUARD,CH
2024,CHINESE,COAST GUARD,RP
2024,COAST GUARD,CHINESE,RP
2024,CHINESE,COAST GUARD,CH
2024,CHINESE,COAST GUARD,TW
2024,CHINESE,COAST GUARD,RP
2024,CHINESE,COAST GUARD,CH
2024,COAST GUARD,CHINESE,CH
2024,CHINESE,COAST GUARD,CH
2024,COAST GUARD,CHINESE,CH
2017,COAST GUARD,CHINESE,CH
2016,COAST GUARD,CHINA,BX
2019,COAST GUARD,CHINA,CH
2016,CHINESE,COAST GUARD,CH
2021,CHINA,COAST GUARD,BX
2021,COAST GUARD,BEIJING,CH
2024,CHINESE,COAST GUARD,RP
2024,COAST GUARD,CHINESE,RP
2024,CHINESE,COAST GUARD,CH
2024,COAST GUARD,CHINESE,CH
2024,COAST GUARD,CHINESE,RP
2024,COAST GUARD,CHINESE,CH
2024,COAST GUARD,CHINESE,CH
2024,CHINESE,COAST GUARD,CH
2024,CHINESE,COAST GUARD,RP
2024,CHINESE,COAST GUARD,CH
2017,COAST GUARD,CHINESE,CH
2016,COAST GUARD,CHINESE,KS
2024,COAST GUARD,CHINESE,CH
2021,COAST GUARD,CHINA,CH
2020,COAST GUARD,CHINA,HK
2021,CHINA,COAST GUARD,JA
2016,COAST GUARD,CHINESE,CH
2026,COAST GUARD,CHINA,CH
2017,COAST GUARD,CHINESE,CH
2024,COAST GUARD,CHINA,RP
2024,CHINA,COAST GUARD,CH
2024,COAST GUARD,CHINA,CH
2024,CHINA,COAST GUARD,RP
2016,COAST GUARD,CHINESE,CH
2017,CHINA,COAST GUARD,KS
2020,CHINA,COAST GUARD,CH
2020,COAST GUARD,CHINESE,CH
2024,COAST GUARD,CHINA,RP
2024,COAST GUARD,CHINA,RP
2024,CHINA,COAST GUARD,BX
2024,CHINA,COAST GUARD,US
2016,CHINA,COAST GUARD,CH
2024,CHINA,COAST GUARD,CH
2018,COAST GUARD,CHINESE,CH
2025,CHINESE,COAST GUARD,CH
2025,CHINESE,COAST GUARD,CH
2025,CHINESE,COAST GUARD,CH
2025,CHINA,COAST GUARD,CH
2025,CHINESE,COAST GUARD,CH
2025,CHINESE,COAST GUARD,CH
2025,CHINESE,COAST GUARD,CH
2024,CHINESE,COAST GUARD,CH
2020,COAST GUARD,CHINESE,VM
2016,CHINESE,COAST GUARD,KS
2017,CHINESE,COAST GUARD,KS
2017,COAST GUARD,CHINESE,KS
2016,BEIJING,COAST GUARD,CH
2017,COAST GUARD,CHINA,CH
2024,COAST GUARD,CHINA,CH
2020,COAST GUARD,CHINESE,CH
2020,COAST GUARD,CHINA,CH
2017,COAST GUARD,CHINESE,CH
2024,COAST GUARD,CHINESE,CH
2016,COAST GUARD,CHINESE,CH
2026,COAST GUARD,CHINA,CH
2026,COAST GUARD,CHINA,CH
2017,CHINA,COAST GUARD,CH
2016,COAST GUARD,CHINESE,CH
2016,COAST GUARD,CHINA,KS
2019,COAST GUARD,CHINESE,CH
2021,CHINA,COAST GUARD,CH
2020,CHINESE,COAST GUARD,CH
2015,COAST GUARD,CHINESE,CH
2024,CHINESE,COAST GUARD,RP
2024,COAST GUARD,CHINESE,RP
2024,CHINESE,COAST GUARD,RP
2024,CHINESE,COAST GUARD,RP
2024,COAST GUARD,CHINESE,RP
2024,CHINESE,COAST GUARD,CH
2025,COAST GUARD,CHINESE,CH
2025,COAST GUARD,CHINESE,CH
2017,COAST GUARD,CHINESE,CH
2016,COAST GUARD,CHINA,CH
2016,COAST GUARD,CHINESE,KS
2021,COAST GUARD,CHINESE,CH
2024,COAST GUARD,CHINESE,JA
2024,CHINESE,COAST GUARD,JA
2024,CHINA,COAST GUARD,RP
2024,CHINA,COAST GUARD,US
2024,COAST GUARD,CHINA,RP
2024,COAST GUARD,CHINA,US
2024,CHINA,COAST GUARD,BX
2024,COAST GUARD,CHINA,BX
2024,BEIJING,COAST GUARD,CH
2024,COAST GUARD,BEIJING,CH
2024,BEIJING,COAST GUARD,BX
2024,COAST GUARD,BEIJING,BX
2024,COAST GUARD,CHINA,BX
2024,CHINA,COAST GUARD,BX
2017,COAST GUARD,CHINESE,US
2024,CHINESE,COAST GUARD,CH
2024,COAST GUARD,CHINESE,RP
2024,CHINESE,COAST GUARD,MY
2017,COAST GUARD,CHINESE,CH
2019,COAST GUARD,CHINESE,CH
2018,COAST GUARD,CHINESE,CH
2020,COAST GUARD,CHINA,PS
2020,COAST GUARD,CHINESE,CH
2024,CHINA,COAST GUARD,CH
2024,CHINESE,COAST GUARD,CH
2018,COAST GUARD,CHINESE,CH
2025,COAST GUARD,CHINA,CH
2025,COAST GUARD,CHINA,VM
2025,COAST GUARD,CHINA,VM
2016,COAST GUARD,CHINA,CH
2020,COAST GUARD,CHINESE,TW
2016,CHINESE,COAST GUARD,CH
2016,COAST GUARD,CHINA,CH
2026,COAST GUARD,CHINESE,CH
2019,COAST GUARD,CHINA,CH
2016,COAST GUARD,CHINA,CH
2017,COAST GUARD,CHINESE,CH
2016,COAST GUARD,CHINESE,CH
2016,COAST GUARD,CHINA,CH
2020,COAST GUARD,CHINA,CH
2018,COAST GUARD,CHINA,CH
2021,CHINA,COAST GUARD,JA
2021,CHINESE,COAST GUARD,CH
2024,CHINESE,COAST GUARD,CH
2024,COAST GUARD,CHINESE,CH
2024,CHINESE,COAST GUARD,CH
2024,CHINESE,COAST GUARD,RP
2016,COAST GUARD,CHINESE,KS
2016,CHINA,COAST GUARD,CH
2016,COAST GUARD,CHINA,CH
2024,CHINESE,COAST GUARD,CH
2024,CHINESE,COAST GUARD,RP
2024,COAST GUARD,CHINESE,CH
2024,COAST GUARD,CHINESE,RP
2024,CHINA,COAST GUARD,RP
2024,CHINA,COAST GUARD,RP
2023,CHINA,COAST GUARD,BX
2016,CHINESE,COAST GUARD,CH
2026,COAST GUARD,CHINESE,BH
2026,COAST GUARD,CHINESE,BH
2016,CHINESE,COAST GUARD,CH
2024,CHINESE,COAST GUARD,RP
2024,COAST GUARD,CHINESE,RP
2024,CHINESE,COAST GUARD,CH
2024,CHINESE,COAST GUARD,RP
2024,CHINESE,COAST GUARD,CH
2024,COAST GUARD,CHINESE,RP
2024,CHINESE,COAST GUARD,US
2024,COAST GUARD,CHINESE,RP
2024,COAST GUARD,CHINESE,CH
2024,CHINESE,COAST GUARD,RP
2024,CHINESE,COAST GUARD,RP
2024,CHINESE,COAST GUARD,RP
2025,COAST GUARD,HUIZHOU,CH
2024,CHINESE,COAST GUARD,RP
2024,COAST GUARD,CHINESE,RP
2024,CHINESE,COAST GUARD,US
2024,CHINESE,COAST GUARD,US
2021,CHINA,COAST GUARD,CH
2021,COAST GUARD,CHINESE,CH
2021,BEIJING,COAST GUARD,CH
2021,COAST GUARD,CHINA,CH
2021,CHINESE,COAST GUARD,TW
2024,COAST GUARD,CHINESE,CH
2024,CHINESE,COAST GUARD,RP
2024,CHINA,COAST GUARD,RP
2024,CHINESE,COAST GUARD,CH
2016,COAST GUARD,CHINESE,CH
2021,BEIJING,COAST GUARD,CH
2021,COAST GUARD,CHINESE,CH
2021,BEIJING,COAST GUARD,CH
2021,COAST GUARD,CHINA,CH
2021,COAST GUARD,BEIJING,RP
2024,BEIJING,COAST GUARD,RP
2024,COAST GUARD,BEIJING,RP
2024,BEIJING,COAST GUARD,CH
2024,COAST GUARD,BEIJING,CH
2024,CHINA,COAST GUARD,CH
2024,CHINA,COAST GUARD,CH
2017,COAST GUARD,CHINESE,KS
2021,CHINESE,COAST GUARD,CH
2024,COAST GUARD,CHINA,CH
2024,COAST GUARD,CHINA,CH
2024,CHINESE,COAST GUARD,CH
2024,CHINESE,COAST GUARD,CH
2024,CHINESE,COAST GUARD,AS
2024,CHINESE,COAST GUARD,TT
2018,CHINA,COAST GUARD,IN
2021,CHINA,COAST GUARD,CH
2016,CHINA,COAST GUARD,CH
2016,CHINA,COAST GUARD,CH
2024,COAST GUARD,CHINESE,CH
2024,CHINESE,COAST GUARD,RP
2024,COAST GUARD,CHINESE,RP
2024,COAST GUARD,CHINESE,CH
2024,CHINESE,COAST GUARD,CH
2024,COAST GUARD,CHINESE,CH
2016,CHINESE,COAST GUARD,CH
2016,CHINA,COAST GUARD,RP
2017,COAST GUARD,CHINA,CH
2021,COAST GUARD,CHINESE,TW
2020,CHINESE,COAST GUARD,CH
2025,CHINA,COAST GUARD,CH
2016,COAST GUARD,CHINESE,CH
2026,COAST GUARD,CHINA,CH
2024,COAST GUARD,CHINA,CH
2024,COAST GUARD,CHINA,CH
2024,CHINESE,COAST GUARD,CH
2024,COAST GUARD,CHINESE,CH
2021,COAST GUARD,CHINA,RP
2021,CHINA,COAST GUARD,CH
2025,CHINESE,COAST GUARD,CH
2025,CHINA,COAST GUARD,CH
2025,CHINESE,COAST GUARD,RP
2025,CHINA,COAST GUARD,RP
2025,CHINESE,COAST GUARD,CH
2025,CHINESE,COAST GUARD,CH
2025,CHINESE,COAST GUARD,RP
2024,CHINESE,COAST GUARD,TW
2024,CHINESE,COAST GUARD,CH
2024,CHINESE,COAST GUARD,CH
2019,CHINA,COAST GUARD,CH
2016,COAST GUARD,CHINA,CH
2016,CHINA,COAST GUARD,CH
2024,COAST GUARD,CHINESE,CH
2024,CHINA,COAST GUARD,BX
2024,COAST GUARD,CHINA,BX
2024,COAST GUARD,CHINA,RP
2024,COAST GUARD,CHINA,RP
2016,COAST GUARD,CHINA,KS
2024,CHINESE,COAST GUARD,CH
2024,CHINESE,COAST GUARD,TW
2024,BEIJING,COAST GUARD,JA
2024,CHINA,COAST GUARD,JA
2024,COAST GUARD,BEIJING,JA
2024,COAST GUARD,CHINA,JA
2016,COAST GUARD,CHINESE,CH
2024,COAST GUARD,CHINA,CH
2017,COAST GUARD,CHINESE,JA
2025,COAST GUARD,CHINESE,TW
2016,COAST GUARD,CHINESE,KS
2015,COAST GUARD,CHINESE,RP
2016,COAST GUARD,CHINESE,CH
2016,COAST GUARD,CHINA,CH
2016,BEIJING,COAST GUARD,CH
2024,CHINESE,COAST GUARD,RP
2024,COAST GUARD,CHINESE,RP
2018,COAST GUARD,CHINESE,CH
2021,BEIJING,COAST GUARD,CH
2023,COAST GUARD,CHINESE,CH
2017,COAST GUARD,CHINA,KS
2024,COAST GUARD,CHINESE,CH
2024,CHINESE,COAST GUARD,RP
2024,COAST GUARD,CHINESE,RP
2024,CHINA,COAST GUARD,CH
2024,CHINESE,COAST GUARD,CH
2024,COAST GUARD,CHINESE,CH
2024,CHINESE,COAST GUARD,RP
2024,COAST GUARD,CHINESE,RP
2024,CHINESE,COAST GUARD,CH
2024,CHINESE,COAST GUARD,RP
2024,COAST GUARD,CHINESE,CH
2024,COAST GUARD,CHINESE,RP
2020,COAST GUARD,GUANGDONG,CH
2020,COAST GUARD,CHINA,PS
2020,COAST GUARD,CHINESE,CH
2024,COAST GUARD,CHINESE,TW
2024,COAST GUARD,CHINESE,TW
2024,COAST GUARD,CHINA,CH
2024,COAST GUARD,CHINA,CH
2016,COAST GUARD,CHINESE,CH
2016,COAST GUARD,CHINESE,CH
2018,COAST GUARD,CHINESE,CH
2021,CHINESE,COAST GUARD,US
2024,CHINA,COAST GUARD,RP
2024,CHINESE,COAST GUARD,RP
2024,COAST GUARD,CHINESE,RP
2024,CHINESE,COAST GUARD,CH
2024,CHINESE,COAST GUARD,RP
2024,COAST GUARD,CHINESE,CH
2024,COAST GUARD,CHINESE,RP
2024,CHINESE,COAST GUARD,CH
2024,COAST GUARD,CHINA,RP
2024,COAST GUARD,CHINESE,CH
2020,COAST GUARD,CHINA,CH
2021,COAST GUARD,CHINA,RP
2024,COAST GUARD,CHINESE,CH
2025,COAST GUARD,CHINESE,CH
2020,COAST GUARD,CHINA,CH
2021,GUANGZHOU,COAST GUARD,CH
2017,CHINESE,COAST GUARD,KS
2026,COAST GUARD,CHINESE,CH
2026,COAST GUARD,CHINESE,CH
2026,COAST GUARD,CHINESE,CH
2026,COAST GUARD,CHINESE,CH
2026,COAST GUARD,CHINESE,US
2026,COAST GUARD,CHINESE,US
2016,CHINA,COAST GUARD,CH
2016,CHINA,COAST GUARD,CH
2019,CHINESE,COAST GUARD,CH
2017,CHINESE,COAST GUARD,CH
2016,CHINA,COAST GUARD,KS
2024,CHINESE,COAST GUARD,CH
2024,COAST GUARD,CHINESE,CH
2024,CHINESE,COAST GUARD,RP
2024,COAST GUARD,CHINESE,RP
2023,COAST GUARD,CHINESE,CH
2023,COAST GUARD,CHINESE,CH
2023,COAST GUARD,CHINESE,CH
2023,COAST GUARD,CHINESE,CH
2023,COAST GUARD,CHINESE,KS
2026,CHINA,COAST GUARD,CH
2026,CHINA,COAST GUARD,CH
2020,COAST GUARD,CHINESE,CH
2021,COAST GUARD,CHINA,CH
2016,CHINA,COAST GUARD,CH
2016,COAST GUARD,CHINA,KS
2016,COAST GUARD,CHINA,CH
2016,COAST GUARD,CHINA,CH
2016,COAST GUARD,CHINESE,MY
2025,CHINESE,COAST GUARD,CH
2025,CHINESE,COAST GUARD,CH
2025,CHINA,COAST GUARD,CH
2025,COAST GUARD,CHINA,RP
2025,CHINESE,COAST GUARD,CH
2025,CHINESE,COAST GUARD,CH
2025,CHINESE,COAST GUARD,RP
2025,COAST GUARD,CHINA,RP
2025,CHINESE,COAST GUARD,RP
2025,CHINA,COAST GUARD,RP
2025,CHINESE,COAST GUARD,US
2016,CHINESE,COAST GUARD,UP
2016,COAST GUARD,CHINA,CH
2016,COAST GUARD,CHINESE,CH
2016,BEIJING,COAST GUARD,CH
2016,CHINA,COAST GUARD,RP
2025,COAST GUARD,CHINA,BX
2025,COAST GUARD,CHINA,CH
2019,COAST GUARD,CHINA,CH
2016,COAST GUARD,CHINESE,CH
2016,COAST GUARD,CHINESE,CH
2024,COAST GUARD,CHINA,CH
2018,COAST GUARD,CHINESE,KS
2023,COAST GUARD,CHINA,CH
2023,COAST GUARD,CHINA,CH
2023,COAST GUARD,CHINA,US
2023,COAST GUARD,CHINA,US
2023,COAST GUARD,CHINA,US
2023,COAST GUARD,CHINA,US
2021,COAST GUARD,CHINA,BX
2024,CHINA,COAST GUARD,CH
2024,COAST GUARD,CHINA,CH
2024,COAST GUARD,CHINA,RP
2025,COAST GUARD,CHINESE,PL
2022,COAST GUARD,GUANGDONG,CH
2022,CHINESE,COAST GUARD,KS
2016,COAST GUARD,CHINESE,CH
2016,COAST GUARD,CHINESE,CH
2024,COAST GUARD,CHINESE,CH
2024,CHINA,COAST GUARD,RP
2024,COAST GUARD,CHINA,RP
2024,CHINESE,COAST GUARD,RP
2026,COAST GUARD,CHINA,CH
2020,COAST GUARD,CHINESE,CH
2016,COAST GUARD,CHINESE,CH
2017,COAST GUARD,CHINA,CH
2020,CHINA,COAST GUARD,CH
2025,COAST GUARD,CHINESE,CH
2025,COAST GUARD,CHINESE,TW
2017,COAST GUARD,CHINESE,CH
2017,COAST GUARD,CHINESE,CH
2017,COAST GUARD,CHINESE,CH
2021,BEIJING,COAST GUARD,CH
2026,CHINA,COAST GUARD,TW
2026,COAST GUARD,CHINA,CH
2026,COAST GUARD,CHINA,RP
2024,CHINESE,COAST GUARD,RP
2024,COAST GUARD,CHINESE,CH
2024,COAST GUARD,CHINESE,RP
2024,CHINESE,COAST GUARD,IT
2024,COAST GUARD,CHINESE,IT
2018,CHINA,COAST GUARD,IN
2021,COAST GUARD,CHINA,RP
2021,CHINA,COAST GUARD,FR
2021,CHINA,COAST GUARD,CH
2024,CHINESE,COAST GUARD,CH
2024,CHINA,COAST GUARD,BX
2024,CHINA,COAST GUARD,CH
2021,COAST GUARD,CHINESE,RP
2022,COAST GUARD,CHINESE,KS
2022,COAST GUARD,GUANGDONG,CH
2017,COAST GUARD,CHINA,CH
2025,COAST GUARD,CHINESE,TW
2025,COAST GUARD,CHINESE,TW
2020,COAST GUARD,CHINA,US
2021,BEIJING,COAST GUARD,CH
2021,BEIJING,COAST GUARD,CH
2021,COAST GUARD,CHINA,RP
2023,COAST GUARD,CHINESE,CH
2023,COAST GUARD,CHINA,CH
2023,COAST GUARD,CHINESE,US
2018,COAST GUARD,CHINESE,CH
2024,CHINESE,COAST GUARD,CH
2021,COAST GUARD,CHINA,CH
2021,BEIJING,COAST GUARD,CH
2025,CHINESE,COAST GUARD,RP
2025,CHINESE,COAST GUARD,CH
2025,CHINESE,COAST GUARD,CH
2019,CHINESE,COAST GUARD,HK
2019,COAST GUARD,CHINESE,TW
2020,CHINESE,COAST GUARD,HK
2020,COAST GUARD,CHINESE,CH
2020,COAST GUARD,CHINESE,VM
2020,COAST GUARD,CHINA,CH
2026,COAST GUARD,CHINA,CH
2021,COAST GUARD,CHINESE,GM
2024,CHINESE,COAST GUARD,CH
2024,COAST GUARD,CHINESE,CH
2026,COAST GUARD,CHINESE,KS
2026,COAST GUARD,CHINESE,KS
2017,COAST GUARD,CHINA,TW
2015,COAST GUARD,CHINESE,CH
2018,COAST GUARD,CHINESE,CH
2017,CHINA,COAST GUARD,CH
2018,CHINESE,COAST GUARD,CH
2021,COAST GUARD,CHINESE,SP
2020,CHINESE,COAST GUARD,CH
2020,CHINESE,COAST GUARD,CH
2020,COAST GUARD,CHINESE,TW
2016,COAST GUARD,CHINA,VM
2021,COAST GUARD,CHINESE,KS
2024,CHINA,COAST GUARD,CH
2021,COAST GUARD,CHINESE,CH
2016,COAST GUARD,CHINESE,KS
2022,COAST GUARD,CHINESE,CH
2022,COAST GUARD,CHINESE,CH
2021,COAST GUARD,CHINESE,CH
2020,GUANGDONG,COAST GUARD,HK
2024,COAST GUARD,CHINESE,CH
2016,CHINA,COAST GUARD,CH
2026,COAST GUARD,CHINESE,CH
2021,COAST GUARD,CHINA,CH
2021,COAST GUARD,BEIJING,CH
2016,COAST GUARD,CHINESE,CH
2024,CHINA,COAST GUARD,CH
2024,CHINA,COAST GUARD,CH
2016,COAST GUARD,CHINESE,UP
2016,COAST GUARD,CHINA,CH
2016,COAST GUARD,CHINESE,CH
2026,COAST GUARD,CHINA,CH
2026,COAST GUARD,CHINA,CH
2026,COAST GUARD,CHINESE,JA
2026,COAST GUARD,CHINESE,CH
2026,COAST GUARD,CHINA,CH
2026,COAST GUARD,CHINESE,JA
2017,CHINA,COAST GUARD,RP
2016,COAST GUARD,CHINESE,KS
2016,COAST GUARD,CHINESE,KS
2016,CHINA,COAST GUARD,CH
2016,COAST GUARD,CHINA,FJ
2020,CHINESE,COAST GUARD,CH
2026,COAST GUARD,CHINESE,CH
2026,COAST GUARD,CHINESE,CH
2025,COAST GUARD,CHINESE,CH
2021,COAST GUARD,CHINA,CH
2020,COAST GUARD,SHENZHEN,HK
2017,COAST GUARD,CHINESE,CH
2024,COAST GUARD,CHINESE,PG
2024,CHINESE,COAST GUARD,CH
2024,COAST GUARD,CHINESE,CH
2024,CHINESE,COAST GUARD,JA
2024,CHINESE,COAST GUARD,JA
2024,COAST GUARD,CHINA,CH
2021,COAST GUARD,CHINA,PS
2021,COAST GUARD,BEIJING,CH
2024,CHINA,COAST GUARD,CH
2024,CHINESE,COAST GUARD,CH
2024,CHINESE,COAST GUARD,CH
2024,CHINESE,COAST GUARD,RP
2024,COAST GUARD,CHINESE,RP
2024,CHINESE,COAST GUARD,RP
2024,CHINESE,COAST GUARD,SN
2024,COAST GUARD,CHINESE,SN
2026,COAST GUARD,CHINESE,CH
2026,CHINESE,COAST GUARD,US
2021,COAST GUARD,CHINESE,GM
2018,COAST GUARD,CHINESE,KS
2016,COAST GUARD,CHINA,CH
2017,CHINA,COAST GUARD,IN
2016,COAST GUARD,CHINESE,CH
2021,COAST GUARD,CHINA,CH
2021,COAST GUARD,CHINA,RS
2021,CHINESE,COAST GUARD,JA
2021,COAST GUARD,CHINA,CH
2025,CHINESE,COAST GUARD,CH
2024,CHINESE,COAST GUARD,CH
2024,COAST GUARD,CHINESE,CH
2021,COAST GUARD,CHINA,BX
2018,CHINA,COAST GUARD,IN
2021,COAST GUARD,CHINESE,CH
2017,COAST GUARD,CHINA,CH
2016,COAST GUARD,CHINESE,KS
2016,CHINA,COAST GUARD,CH
2017,CHINA,COAST GUARD,CH
2016,COAST GUARD,CHINESE,CH
2021,CHINA,COAST GUARD,CH
2016,COAST GUARD,CHINESE,CH
2022,CHINA,COAST GUARD,CH
2026,COAST GUARD,CHINESE,BH
2026,COAST GUARD,CHINESE,BH
2026,COAST GUARD,CHINA,CH
2026,COAST GUARD,CHINESE,CH
2026,COAST GUARD,CHINESE,CH
2026,COAST GUARD,CHINESE,US
2026,COAST GUARD,CHINESE,US
2018,COAST GUARD,CHINESE,CH
2023,COAST GUARD,CHINA,CH
2018,COAST GUARD,CHINESE,CH
2016,CHINA,COAST GUARD,KS
2016,CHINA,COAST GUARD,US
2016,COAST GUARD,CHINESE,AR
2020,COAST GUARD,CHINA,CH
2016,COAST GUARD,CHINESE,CH
2023,CHINESE,COAST GUARD,CH
2023,COAST GUARD,CHINESE,CH
2023,COAST GUARD,CHINESE,RP
2016,CHINA,COAST GUARD,CH
2020,GUANGDONG,COAST GUARD,HK
2020,COAST GUARD,CHINA,CH
2021,CHINA,COAST GUARD,JA
2021,COAST GUARD,CHINESE,CH
2021,COAST GUARD,CHINESE,JA
2020,CHINA,COAST GUARD,HK
2021,CHINA,COAST GUARD,RS
2016,COAST GUARD,CHINA,CH
2020,COAST GUARD,GUANGDONG,CH
2024,CHINA,COAST GUARD,CH
2016,COAST GUARD,CHINESE,CH
2016,CHINA,COAST GUARD,KN
2023,COAST GUARD,CHINA,RP
2023,COAST GUARD,CHINA,RP
2023,COAST GUARD,CHINA,JA
2023,COAST GUARD,CHINA,RP
2023,COAST GUARD,CHINA,RP
2023,COAST GUARD,CHINA,RP
2023,COAST GUARD,CHINA,RP
2023,COAST GUARD,CHINA,RP
2023,COAST GUARD,CHINA,CH
2016,COAST GUARD,CHINA,KS
2016,COAST GUARD,CHINA,VM
2017,CHINESE,COAST GUARD,KS
2016,COAST GUARD,CHINESE,KS
2016,COAST GUARD,CHINESE,KS
2019,CHINA,COAST GUARD,CH
2019,CHINA,COAST GUARD,CH
2021,CHINESE,COAST GUARD,CH
2021,CHINA,COAST GUARD,HK
2021,COAST GUARD,CHINESE,CH
2021,COAST GUARD,CHINA,CH
2021,CHINA,COAST GUARD,JA
2020,COAST GUARD,CHINA,US
2021,CHINA,COAST GUARD,BX
2020,COAST GUARD,CHINESE,CH
2020,COAST GUARD,CHINESE,TW
2026,COAST GUARD,CHINESE,CH
2024,CHINESE,COAST GUARD,CH
2024,CHINESE,COAST GUARD,RP
2024,COAST GUARD,CHINESE,CH
2024,COAST GUARD,CHINESE,RP
2024,CHINESE,COAST GUARD,RP
2024,COAST GUARD,CHINESE,RP
2024,COAST GUARD,CHINESE,CH
2024,CHINESE,COAST GUARD,CH
2024,CHINESE,COAST GUARD,RP
2024,COAST GUARD,CHINESE,RP
2020,COAST GUARD,GUANGDONG,CH
2020,CHINA,COAST GUARD,CH
2021,CHINESE,COAST GUARD,CH
2021,COAST GUARD,CHINESE,KS
2021,COAST GUARD,CHINESE,PS
2021,COAST GUARD,BEIJING,CH
2025,CHINESE,COAST GUARD,CH
2025,COAST GUARD,CHINESE,CH
2021,CHINA,COAST GUARD,CH
2020,COAST GUARD,CHINESE,CH
2021,COAST GUARD,CHINESE,RP
2024,CHINESE,COAST GUARD,CH
2024,COAST GUARD,CHINESE,CH
2024,CHINESE,COAST GUARD,UP
2024,CHINESE,COAST GUARD,IS
2020,CHINESE,COAST GUARD,CH
2021,CHINA,COAST GUARD,CH
2024,CHINESE,COAST GUARD,TW
2024,CHINESE,COAST GUARD,CH
2017,CHINA,COAST GUARD,CH
2018,COAST GUARD,CHINA,US
2021,COAST GUARD,CHINESE,CH
2016,CHINA,COAST GUARD,JA
2018,COAST GUARD,CHINESE,CH
2018,COAST GUARD,CHINA,CH
2019,COAST GUARD,CHINA,RP
2016,BEIJING,COAST GUARD,CH
2024,COAST GUARD,CHINESE,US
2018,COAST GUARD,CHINA,US
2016,COAST GUARD,CHINESE,CH
2021,COAST GUARD,CHINESE,CH
2016,COAST GUARD,CHINESE,CH
2023,COAST GUARD,BEIJING,CH
2017,CHINA,COAST GUARD,CH
2022,COAST GUARD,CHINA,JA
2021,CHINESE,COAST GUARD,JA
2017,COAST GUARD,CHINESE,CH
2020,CHINESE,COAST GUARD,CH
2021,CHINA,COAST GUARD,CH
2016,COAST GUARD,CHINESE,CH
2021,COAST GUARD,CHINESE,US
2020,CHINESE,COAST GUARD,CH
2021,BEIJING,COAST GUARD,CH
2017,COAST GUARD,CHINA,CH
2017,COAST GUARD,CHINESE,CH
2016,CHINESE,COAST GUARD,KS
2016,COAST GUARD,CHINA,CH
2016,CHINA,COAST GUARD,CH
2017,CHINA,COAST GUARD,TW
2016,COAST GUARD,CHINESE,RP
2023,CHINA,COAST GUARD,RP
2023,CHINA,COAST GUARD,CH
2017,COAST GUARD,CHINA,JA
2017,COAST GUARD,CHINESE,CH
2024,CHINESE,COAST GUARD,CH
2024,CHINESE,COAST GUARD,CH
2021,CHINESE,COAST GUARD,CH
2021,COAST GUARD,CHINA,RP
2020,COAST GUARD,CHINESE,CH
2021,CHINESE,COAST GUARD,US
2016,CHINESE,COAST GUARD,KS
2021,COAST GUARD,BEIJING,RP
2020,COAST GUARD,CHINESE,TW
2017,CHINA,COAST GUARD,KS
2024,COAST GUARD,CHINESE,CH
